source_url,m3u8_url,pixeldrain_url,size,title,image,description
"https://missav.ws/dm1/en/atfb-235","https://surrit.com/2213f966-e0ad-4020-85a6-3c368b1caee5/842x480/video.m3u8","https://pixeldrain.com/u/zubCQNvC","722.97 MB","ATFB-235 Sexy Dirty Talk Reiko Kobayakawa - Kobayakawa","https://fourhoi.com/atfb-235/cover-n.jpg","N/A"
"https://missav.ws/dm1/en/dvaj-466-uncensored-leak","https://surrit.com/58069def-b95d-49b6-a51b-d6f17cd0a3d8/720p/video.m3u8","https://pixeldrain.com/u/bNAs3CXy","2.57 GB","N/A","N/A","N/A"
"https://missav.ws/dm1/en/gvh-706-uncensored-leak","https://surrit.com/b614424a-6352-4960-bfd3-4c77cca32afb/720p/video.m3u8","https://pixeldrain.com/u/KP4f9Pqk","1.70 GB","GVH-706 Mother-son play Mayu Suzuki - MissAV | Watch HD","https://fourhoi.com/gvh-706-uncensored-leak/cover-n.jpg","N/A"
"https://missav.ws/dm1/en/ipzz-301-uncensored-leak","https://surrit.com/79517f66-e779-424c-94a9-c3745b65224f/720p/video.m3u8","https://pixeldrain.com/u/RxdwbPMR","1.64 GB","IPZZ-301 Wanting to become friends with a girl working","https://fourhoi.com/ipzz-301-uncensored-leak/cover-n.jpg","N/A"
"https://missav.ws/dm1/en/jur-128-uncensored-leak","https://surrit.com/609fc0c0-9f8a-4e8a-bce3-aba72c6c0437/720p/video.m3u8","https://pixeldrain.com/u/uYFs8pzG","1.85 GB","JUR-128 Voluptuous J-Cup spilling out of competitive sw","https://fourhoi.com/jur-128-uncensored-leak/cover-n.jpg","N/A"
"https://missav.ws/dm1/en/juy-925-english-subtitle","https://surrit.com/2998453e-9a0e-41de-a49e-43df46f2eacf/720p/video.m3u8","https://pixeldrain.com/u/mMvJCD6k","1.57 GB","JUY-925 A Madonna Label Exclusive Nao Jinguji x Jeweled","https://fourhoi.com/juy-925-english-subtitle/cover-n.jpg","N/A"
"https://missav.ws/dm1/en/madv-255","https://surrit.com/2118b966-5832-4f89-8744-55bf53ea7b29/842x480/video.m3u8","https://pixeldrain.com/u/uSHJ9233","1.13 GB","MADV-255 Horny about the big butt of a working lady...","https://fourhoi.com/madv-255/cover-n.jpg","N/A"
"https://missav.ws/dm1/en/meyd-425-uncensored-leak","https://surrit.com/c0a90678-3d41-415d-a1dc-4bb026901a85/720p/video.m3u8","https://pixeldrain.com/u/A2NfVJnA","1.53 GB","MEYD-425 Today, I&#039;ll give it to Naka until I get pregna","https://fourhoi.com/meyd-425-uncensored-leak/cover-n.jpg","N/A"
"https://missav.ws/dm1/en/midd-831-uncensored-leak","https://surrit.com/551c75bd-80fe-4c5a-abaa-b98f6365723f/720p/video.m3u8","https://pixeldrain.com/u/1NYnvRJL","2.69 GB","MIDD-831 Orgasm SEX that does not stop even if you ejac","https://fourhoi.com/midd-831-uncensored-leak/cover-n.jpg","N/A"
"https://missav.ws/dm1/en/midv-740-uncensored-leak","https://surrit.com/5e32bc4a-0b89-4d59-ac5e-d812c18abd9d/720p/video.m3u8","https://pixeldrain.com/u/LoLJhSfi","1.47 GB","MIDV-740-UNCENSORED-LEAK - MissAV | Watch HD JAV Online","https://fourhoi.com/midv-740-uncensored-leak/cover-n.jpg","N/A"
"https://missav.ws/dm1/en/midv-999-uncensored-leak","https://surrit.com/ff348ea5-dcef-481e-8151-5ee430afd72c/720p/video.m3u8","https://pixeldrain.com/u/sdJtUaaT","1.87 GB","MIDV-999 My sexually harassing boss, who I hate to deat","https://fourhoi.com/midv-999-uncensored-leak/cover-n.jpg","N/A"
"https://missav.ws/dm1/en/mudr-235-uncensored-leak","https://surrit.com/0dc6630c-e5cb-4d1c-ba2a-4d601868e71f/842x480/video.m3u8","https://pixeldrain.com/u/3XmthT4T","862.07 MB","MUDR-235 Sex with an otaku friend feels great. When I e","https://fourhoi.com/mudr-235-uncensored-leak/cover-n.jpg","N/A"
"https://missav.ws/dm1/en/pppd-230-uncensored-leak","https://surrit.com/6deb0309-532f-43ce-9dfe-119330d56b87/720p/video.m3u8","https://pixeldrain.com/u/RfBLfp9Q","1.85 GB","PPPD-230 95cmJcup Oily shining boobs full course Sayuki","https://fourhoi.com/pppd-230-uncensored-leak/cover-n.jpg","N/A"
"https://missav.ws/dm1/en/pppd-451-uncensored-leak","https://surrit.com/8cb85228-5bd0-48f9-946f-9d5a4885b9ef/720p/video.m3u8","https://pixeldrain.com/u/Bs5Pfeyo","1.55 GB","PPPD-451 Her older sister seduces me with big tits and","https://fourhoi.com/pppd-451-uncensored-leak/cover-n.jpg","N/A"
"https://missav.ws/dm1/en/pred-741-uncensored-leak","https://surrit.com/c51ddec3-9f56-453f-8752-b6349f4eb5cb/720p/video.m3u8","https://pixeldrain.com/u/M69Uxvf1","1.77 GB","PRED-741 I had an affair with a frustrated part-time ho","https://fourhoi.com/pred-741-uncensored-leak/cover-n.jpg","N/A"
"https://missav.ws/dm1/en/sone-341-uncensored-leak","https://surrit.com/8edbd1ea-b392-4c1b-b91a-d66fe45adb29/720p/video.m3u8","https://pixeldrain.com/u/Fugyxsfn","1.75 GB","SONE-341 My playhood friend, who I&#039;ve always loved, has","https://fourhoi.com/sone-341-uncensored-leak/cover-n.jpg","N/A"
"https://missav.ws/dm1/en/sone-525-uncensored-leak","https://surrit.com/6f7ddfca-eff2-4cbb-b49b-94bac9d9c582/720p/video.m3u8","https://pixeldrain.com/u/yEZmbnad","1.63 GB","SONE-525 For 1 night and 2 days, you can have Hikaru Na","https://fourhoi.com/sone-525-uncensored-leak/cover-n.jpg","N/A"
"https://missav.ws/dm1/en/start-128-uncensored-leak","https://surrit.com/9161047a-e728-45a5-a919-e87193447495/720p/video.m3u8","https://pixeldrain.com/u/2shREGCJ","1.50 GB","START-128 Sister and brother take a bath for the first","https://fourhoi.com/start-128-uncensored-leak/cover-n.jpg","N/A"
"https://missav.ws/dm1/en/tppn-043","https://surrit.com/d7be60dc-f499-44a6-b777-3d3baba92243/842x480/video.m3u8","https://pixeldrain.com/u/9uhSzsnA","891.90 MB","TPPN-043 Yui Hatano Again More Dense, Rich, Burning Pas","https://fourhoi.com/tppn-043/cover-n.jpg","N/A"
"https://missav.ws/dm1/en/venx-259","https://surrit.com/303b908a-4ecc-4497-ae96-65e33e54dd91/720p/video.m3u8","https://pixeldrain.com/u/GSu5NDhp","1.25 GB","VENX-259 1 night and 2 days Serino Orimoto was left ove","https://fourhoi.com/venx-259/cover-n.jpg","N/A"
